{"Spine": -3.1415469646453857, "Spine1": -3.141550064086914, "Spine2": -3.1415460109710693, "Neck": -3.141522169113159, "Head": -3.1415414810180664, "HeadTop_End": -3.141542434692383, "LeftEye": -3.1415419578552246, "RightEye": -3.1415419578552246, "LeftShoulder": -1.5627719163894653, "LeftArm": -1.59992516040802, "LeftForeArm": -1.5943999290466309, "LeftHand": -1.5046842098236084, "LeftHandThumb1": -1.5972133874893188, "LeftHandThumb2": 0.31609007716178894, "LeftHandThumb3": 0.6639408469200134, "LeftHandIndex1": -1.584942102432251, "LeftHandIndex2": -1.5828646421432495, "LeftHandIndex3": -1.581343173980713, "LeftHandMiddle1": -1.57741379737854, "LeftHandMiddle2": -1.596156358718872, "LeftHandMiddle3": -1.565096378326416, "LeftHandRing1": -1.5887041091918945, "LeftHandRing2": -1.604925513267517, "LeftHandRing3": -1.593092679977417, "LeftHandPinky1": -1.573035717010498, "LeftHandPinky2": -1.5807803869247437, "LeftHandPinky3": -1.5435529947280884, "RightShoulder": 1.562779426574707, "RightArm": 1.5999412536621094, "RightForeArm": 1.5944130420684814, "RightHand": 1.5046814680099487, "RightHandThumb1": 1.6036144495010376, "RightHandThumb2": -0.3044731914997101, "RightHandThumb3": -0.6476997137069702, "RightHandIndex1": 1.5849543809890747, "RightHandIndex2": 1.5828584432601929, "RightHandIndex3": 1.581363558769226, "RightHandMiddle1": 1.5774242877960205, "RightHandMiddle2": 1.5961709022521973, "RightHandMiddle3": 1.5650980472564697, "RightHandRing1": 1.5887185335159302, "RightHandRing2": 1.6049467325210571, "RightHandRing3": 1.5931031703948975, "RightHandPinky1": 1.573046088218689, "RightHandPinky2": 1.580786108970642, "RightHandPinky3": 1.5435631275177002, "LeftUpLeg": -0.06805869191884995, "LeftLeg": -0.062213122844696045, "LeftFoot": -0.03336682543158531, "LeftToeBase": -1.2685019969940186, "RightUpLeg": 0.06795219331979752, "RightLeg": 0.06211460754275322, "RightFoot": 0.03299674391746521, "RightToeBase": 1.2654674053192139}