{"Hips": -3.141592502593994, "Spine": -3.141592502593994, "Spine1": 3.141592502593994, "Spine2": 3.141592264175415, "Neck": 3.141592025756836, "Head": -3.141592502593994, "HeadTop_End": 3.141592264175415, "LeftEye": 3.141592502593994, "RightEye": 3.141592502593994, "LeftShoulder": -1.5304933786392212, "LeftArm": -1.5558221340179443, "LeftForeArm": -1.5652254819869995, "LeftHand": -1.5076955556869507, "LeftHandThumb1": -3.0769131183624268, "LeftHandThumb2": -2.6778640747070312, "LeftHandThumb3": -2.5197813510894775, "LeftHandThumb4": -2.4306764602661133, "LeftHandIndex1": -1.6925199031829834, "LeftHandIndex2": -1.7618017196655273, "LeftHandIndex3": -1.7919589281082153, "LeftHandIndex4": -1.7358813285827637, "LeftHandMiddle1": -1.5891525745391846, "LeftHandMiddle2": -1.6550060510635376, "LeftHandMiddle3": -1.7653987407684326, "LeftHandMiddle4": -1.7303054332733154, "LeftHandRing1": -1.6083265542984009, "LeftHandRing2": -1.6968603134155273, "LeftHandRing3": -1.678037166595459, "LeftHandRing4": -1.675166130065918, "LeftHandPinky1": -1.6457500457763672, "LeftHandPinky2": -1.669166922569275, "LeftHandPinky3": -1.7353694438934326, "LeftHandPinky4": -1.8114190101623535, "RightShoulder": 1.5305061340332031, "RightArm": 1.5558370351791382, "RightForeArm": 1.5652390718460083, "RightHand": 1.507705807685852, "RightHandThumb1": 3.076927661895752, "RightHandThumb2": 2.6778833866119385, "RightHandThumb3": 2.5197653770446777, "RightHandThumb4": 2.430652379989624, "RightHandIndex1": 1.692535161972046, "RightHandIndex2": 1.7618159055709839, "RightHandIndex3": 1.791986346244812, "RightHandIndex4": 1.7358918190002441, "RightHandMiddle1": 1.5891671180725098, "RightHandMiddle2": 1.6550158262252808, "RightHandMiddle3": 1.7654061317443848, "RightHandMiddle4": 1.730329990386963, "RightHandRing1": 1.6083427667617798, "RightHandRing2": 1.6968803405761719, "RightHandRing3": 1.6780507564544678, "RightHandRing4": 1.6751710176467896, "RightHandPinky1": 1.645761489868164, "RightHandPinky2": 1.6691803932189941, "RightHandPinky3": 1.7353864908218384, "RightHandPinky4": 1.8114420175552368, "LeftUpLeg": -0.06586487591266632, "LeftLeg": -0.060361966490745544, "LeftFoot": -0.02990122325718403, "LeftToeBase": -0.4941164553165436, "LeftToe_End": -1.101894736289978, "RightUpLeg": 0.06586512178182602, "RightLeg": 0.06036187335848808, "RightFoot": 0.029893560335040092, "RightToeBase": 0.49428167939186096, "RightToe_End": 1.1019926071166992}